id;sp;sp_ives;lat;long;sex;biome;fac;CS;LogCS;bio1;bio2;bio3;bio4;bio5;bio6;bio7;bio8;bio9;bio10;bio11;bio12;bio13;bio14;bio15;bio16;bio17;bio18;bio19;npp;humid;soilmoisture;pch
5;Sapajus_apella;Sapajus_apella;-8.7525;-63.4557;M;Forest;AM;10.67960727;2.36833606;25.53566742;10.70600033;72.79032135;42.88504028;32.63199997;17.92399979;14.70800018;25.54933357;25.02666664;26.00733376;24.95800018;2239;352;17;67.3259201;1015;88;488;177;0.852999985;83;96.73549652;15
7;Sapajus_apella;Sapajus_apella_2;-1.0917;-57.0386;M;Forest;AM;11.61529936;2.45232314;26.97599983;8.643332481;79.06452179;61.26715851;32.95999908;22.02799988;10.93199921;26.58333397;27.1566658;27.87999916;26.43666649;2680;406;90;50.61932373;1162;334;394;933;0.734000027;81;92.72669983;15
8;Sapajus_apella;Sapajus_apella_3;-1.0917;-57.0386;M;Forest;AM;11.27159481;2.422285827;26.97599983;8.643332481;79.06452179;61.26715851;32.95999908;22.02799988;10.93199921;26.58333397;27.1566658;27.87999916;26.43666649;2680;406;90;50.61932373;1162;334;394;933;0.734000027;81;92.72669983;15
9;Sapajus_cay;Sapajus_cay;-14.184;-56.6203;M;Savanna;SV;8.826560638;2.17776543;23.9489994;13.6206665;76.52059937;77.31279755;32.09199905;14.29199982;17.79999924;24.38999939;23.30866623;24.86066628;23.24866676;1817;295;7;74.00042725;849;46;684;75;0.80400002;75;97.22869873;15
10;Sapajus_cay;Sapajus_cay_2;-14.184;-56.6203;M;Savanna;SV;9.161390996;2.214998023;23.9489994;13.6206665;76.52059937;77.31279755;32.09199905;14.29199982;17.79999924;24.38999939;23.30866623;24.86066628;23.24866676;1817;295;7;74.00042725;849;46;684;75;0.80400002;75;97.22869873;17
12;Sapajus_xanthosternos;Sapajus_xanthosternos;-10.47489842;-40.13617757;M;Forest;AF;9.235824152;2.223089852;23.59233284;10.80133343;71.2677002;162.8195648;31.23600006;16.07999992;15.15600014;24.69933319;22.82600021;25.10599899;21.26733398;789;107;23;40.83911896;282;86;260;149;0.250999987;66;28.40979958;8
13;Sapajus_xanthosternos;Sapajus_xanthosternos_2;-10.47489842;-40.13617757;M;Forest;AF;9.521384223;2.25354024;23.59233284;10.80133343;71.2677002;162.8195648;31.23600006;16.07999992;15.15600014;24.69933319;22.82600021;25.10599899;21.26733398;789;107;23;40.83911896;282;86;260;149;0.250999987;66;28.40979958;8
15;Sapajus_xanthosternos;Sapajus_xanthosternos_3;-10.47489842;-40.13617757;M;Forest;AF;11.05118493;2.402537655;23.59233284;10.80133343;71.2677002;162.8195648;31.23600006;16.07999992;15.15600014;24.69933319;22.82600021;25.10599899;21.26733398;789;107;23;40.83911896;282;86;260;149;0.250999987;66;28.40979958;8
16;Sapajus_robustus;Sapajus_robustus;-18.91351598;-42.0949177;M;Forest;AF;10.01761446;2.30434499;23.86283302;11.76699924;66.64589691;189.8574677;31.92399979;14.26799965;17.65600014;25.28800011;21.26133347;26.02733421;21.26133347;1179;221;16;77.32046509;622;55;442;55;0.907999992;76;77.75279999;18
17;Sapajus_robustus;Sapajus_robustus_2;-18.91351598;-42.0949177;M;Forest;AF;10.07961918;2.310515482;23.86283302;11.76699924;66.64589691;189.8574677;31.92399979;14.26799965;17.65600014;25.28800011;21.26133347;26.02733421;21.26133347;1179;221;16;77.32046509;622;55;442;55;0.907999992;76;77.75279999;18
21;Sapajus_libidinosus;Sapajus_libidinosus;-16.35534286;-50.02114195;M;Savanna;SV;10.05271969;2.307843213;22.67866707;10.89866638;67.34223175;111.7825012;29.96800041;13.7840004;16.18400002;23.02866745;21.33600044;23.77933311;21.02599907;1712;292;10;77.95446777;831;40;473;62;0.648999989;70;84.98770142;25
22;Sapajus_libidinosus;Sapajus_libidinosus_2;-16.35534286;-50.02114195;M;Savanna;SV;10.68381155;2.368729656;22.67866707;10.89866638;67.34223175;111.7825012;29.96800041;13.7840004;16.18400002;23.02866745;21.33600044;23.77933311;21.02599907;1712;292;10;77.95446777;831;40;473;62;0.648999989;70;84.98770142;25
23;Sapajus_apella;Sapajus_apella_4;-7.276164354;-70.3003981;M;Forest;AM;11.63283073;2.453831336;25.22550011;10.41566658;81.49973297;48.75735474;31.09600067;18.31599998;12.78000069;25.3433342;24.50666809;25.6886673;24.50666809;2354;303;58;45.73307419;866;226;720;226;0.976000011;87;127.5351028;15
25;Sapajus_apella;Sapajus_apella_5;-2.633641;-65.820283;M;Forest;AM;11.68616734;2.458405864;26.71466637;8.864666939;87.6995163;27.18626022;31.90799904;21.79999924;10.1079998;26.597332;26.64533234;27.01533318;26.40333366;2960;333;169;21.59472466;945;531;626;731;1.001999974;87;145.4429932;15
29;Sapajus_nigritus;Sapajus_nigritus;-22.1218764;-48.82363954;M;Forest;AF;11.58489709;2.449702275;21.78466606;11.80799961;64.96479034;233.9955292;29.65999985;11.48400021;18.17599869;24.24799919;18.78733444;24.24799919;18.67000008;1160;219;21;69.92007446;578;87;578;108;0.768999994;69;99.73370361;19
30;Sapajus_nigritus;Sapajus_nigritus_2;-23.97585942;-46.6185314;M;Forest;AF;11.86495387;2.473589002;18.19466591;7.779999733;52.35531235;248.0896759;25.14800072;10.28800011;14.86000061;21.25399971;15.16466713;21.25399971;15.16466713;2682;340;111;37.90048599;986;363;986;363;1.074000001;81;148.1051025;19
36;Sapajus_nigritus;Sapajus_nigritus_3;-19.79820319;-40.68281548;M;Forest;AF;10.39629349;2.341449347;22.25650024;10.50233269;63.06949615;197.2624207;30.1760006;13.52400017;16.65200043;23.7753334;19.71066666;24.62400055;19.71066666;1247;198;42;55.04610825;564;142;373;142;0.851000011;80;75.41369629;19
37;Sapajus_nigritus;Sapajus_nigritus_4;-19.84573935;-40.55203918;M;Forest;AF;10.8479329;2.383974545;19.03116608;9.865666389;62.5517807;196.6887665;26.39999962;10.62800026;15.77199936;20.55999947;17.07866669;21.3793335;16.5019989;1346;203;50;49.24126816;579;172;398;172;0.851000011;80;75.41369629;19
38;Sapajus_nigritus;Sapajus_nigritus_5;-19.79820319;-40.68281548;M;Forest;AF;9.535055188;2.254975027;22.25650024;10.50233269;63.06949615;197.2624207;30.1760006;13.52400017;16.65200043;23.7753334;19.71066666;24.62400055;19.71066666;1247;198;42;55.04610825;564;142;373;142;0.851000011;80;75.41369629;19
39;Sapajus_nigritus;Sapajus_nigritus_6;-21.82169193;-42.59318525;M;Forest;AF;8.719921141;2.165610194;21.90933228;12.13600063;62.08307648;239.009491;31.07600021;11.52799988;19.54800034;24.47200012;18.79599953;24.78199959;18.79599953;1294;256;18;76.95401001;650;60;536;60;0.980000019;79;103.4161987;19
45;Sapajus_libidinosus;Sapajus_libidinosus_3;-18.5958;-46.8248;M;Savanna;SV;9.40260408;2.240986681;19.94849968;10.70166683;70.03709412;152.5575714;26.32799911;11.04800034;15.27999878;20.88533401;17.82933426;21.22333336;17.71199989;1617;331;10;85.48416901;854;33;712;53;0.768000007;69;93.95629883;25
46;Sapajus_libidinosus;Sapajus_libidinosus_4;-18.5719296;-47.91472561;M;Savanna;SV;8.706362413;2.16405407;22.30699921;10.93133354;68.68141174;171.2718506;28.84399986;12.92800045;15.91599941;23.60400009;19.94666672;23.70266724;19.78666687;1441;295;5;89.80683136;770;18;667;37;0.703999996;69;95.52200317;25
47;Sapajus_libidinosus;Sapajus_libidinosus_5;-18.65664968;-48.28687774;M;Savanna;SV;10.61916832;2.3626607;21.80833435;11.65266705;69.67630768;152.7482147;29.04400063;12.31999969;16.72400093;22.84666634;19.87733269;22.92933273;19.45866585;1543;321;10;85.82582855;814;33;389;47;0.601999998;71;87.2480011;25
48;Sapajus_libidinosus;Sapajus_libidinosus_6;-19.4232302;-48.30346523;M;Savanna;SV;9.471166088;2.248252035;21.7626667;12.00666714;68.43745422;166.9176178;29.2840004;11.73999977;17.54400063;23.03000069;19.57733345;23.06000137;19.2373333;1572;284;18;77.84453583;786;57;699;74;0.616999984;72;95.49749756;25
49;Sapajus_libidinosus;Sapajus_libidinosus_7;-18.65664968;-48.28687774;M;Savanna;SV;10.36284764;2.338227068;21.80833435;11.65266705;69.67630768;152.7482147;29.04400063;12.31999969;16.72400093;22.84666634;19.87733269;22.92933273;19.45866585;1543;321;10;85.82582855;814;33;389;47;0.601999998;71;87.2480011;25
50;Sapajus_robustus;Sapajus_robustus_3;-18.57940006;-40.078222;M;Forest;AF;10.23911763;2.326215447;23.74799919;9.825332642;63.70158386;181.5335236;31.20000076;15.77600002;15.42400074;25.06466675;21.39800072;25.90866661;21.39800072;1216;170;43;45.83909988;496;156;362;156;1.011000037;81;57.30080032;18
51;Sapajus_robustus;Sapajus_robustus_4;-19.58829448;-40.54194181;M;Forest;AF;10.55825472;2.356907992;22.71649933;10.36633301;63.14774323;195.3465424;30.55599976;14.14000034;16.41600037;24.21199989;20.68199921;25.0593338;20.20266724;1227;194;40;55.31479645;555;139;372;139;0.851000011;80;75.41369629;18
52;Sapajus_robustus;Sapajus_robustus_5;-17.50178139;-39.33456198;M;Forest;AF;8.517065592;2.142071867;24.48583412;8.413000107;64.91512299;162.085144;30.88800049;17.9279995;12.96000099;24.92666626;22.41799927;26.41600037;22.41799927;1358;162;73;22.57325935;429;263;333;263;1.087000012;81;84.57080078;18
53;Sapajus_robustus;Sapajus_robustus_6;-17.97675;-39.9635547;M;Forest;AF;10.69705589;2.369968553;24.01099968;9.584667206;64.95436859;175.0557098;31.13599968;16.37999916;14.75600052;25.29199982;21.69933319;26.06399918;21.69933319;1237;162;55;37.95938873;465;183;357;183;1.087000012;80;65.82479858;18
58;Sapajus_xanthosternos;Sapajus_xanthosternos_4;-19.84927976;-43.90362749;M;Forest;AF;8.47529797;2.137155811;21.3496666;12.32933331;68.43546295;188.2697296;29.41200066;11.39599991;18.01600075;22.80200005;18.7733326;23.28666687;18.7733326;1476;312;12;87.22769165;821;43;625;43;0.971000016;74;80.00630188;8
62;Sapajus_cay;Sapajus_cay_3;-13.51650258;-53.09732769;M;Savanna;SV;10.55340558;2.356448612;24.63816643;14.5943327;70.16506195;122.2457352;33.77199936;12.97200012;20.79999924;25.25933266;22.88933372;25.58533287;22.85266685;1604;272;2;81.88564301;804;22;400;41;0.791999996;74;84.66079712;17
63;Sapajus_cay;Sapajus_cay_4;-12.00372893;-54.45375719;M;Savanna;SV;10.00357532;2.302942561;24.86566734;13.63733387;70.31003571;77.82092285;33.85599899;14.46000004;19.39599991;25.13266563;23.77799988;25.42533302;23.76000023;1788;318;1;85.27033997;911;13;699;39;0.802999973;79;91.61620331;17
64;Sapajus_cay;Sapajus_cay_5;-21.4349177;-55.65515673;M;Savanna;SV;8.148193785;2.097796281;22.65049934;11.48700047;62.40221786;244.7049103;30.68799973;12.27999973;18.40800095;25.02400017;19.46666718;25.14999962;19.42000008;1424;190;41;40.98710632;519;154;515;226;0.456999987;73;114.6192017;17
65;Sapajus_cay;Sapajus_cay_6;-20.2019463;-56.54840165;M;Savanna;SV;8.883663709;2.184214052;24.8125;11.73433399;62.5764389;257.9099731;33;14.24800014;18.7519989;27.30400085;21.32466698;27.30400085;21.32466698;1291;204;33;52.4221611;547;121;547;121;0.654999971;71;65.65899658;17
68;Sapajus_cay;Sapajus_cay_7;-20.2019463;-56.54840165;M;Savanna;SV;7.913747699;2.068601462;24.8125;11.73433399;62.5764389;257.9099731;33;14.24800014;18.7519989;27.30400085;21.32466698;27.30400085;21.32466698;1291;204;33;52.4221611;547;121;547;121;0.654999971;71;65.65899658;17
69;Sapajus_cay;Sapajus_cay_8;-12.28896786;-51.85754375;M;Savanna;SV;9.161152899;2.214972033;25.7191658;13.26099968;72.19621277;88.01745605;34.12799835;15.76000023;18.36799812;26.10200119;24.50333405;26.5126667;24.43400002;1687;312;2;79.01154327;823;20;425;51;0.634000003;76;81.48000336;17
71;Sapajus_cay;Sapajus_cay_9;-19.03164905;-57.63112629;M;Savanna;SV;7.831662917;2.058174865;25.88583374;10.31700039;63.03152847;229.9044189;33.24399948;16.87599945;16.36800003;27.93066788;22.79000092;28.02666664;22.71333313;1045;181;21;62.0209198;468;74;455;105;0.513000011;73;22.75200081;17
75;Sapajus_cay;Sapajus_cay_10;-20.2481071;-56.39949425;M;Savanna;SV;9.030732086;2.200633437;24.7215004;11.6716671;62.76438904;255.4868164;32.86400223;14.26799965;18.59600258;27.17733383;21.26000023;27.17733383;21.26000023;1318;207;32;52.26408005;558;122;558;122;0.654999971;71;82.36199951;17
76;Sapajus_cay;Sapajus_cay_11;-19.03164905;-57.63112629;M;Savanna;SV;9.245937786;2.224184297;25.88583374;10.31700039;63.03152847;229.9044189;33.24399948;16.87599945;16.36800003;27.93066788;22.79000092;28.02666664;22.71333313;1045;181;21;62.0209198;468;74;455;105;0.513000011;73;22.75200081;17
78;Sapajus_cay;Sapajus_cay_12;-13.54848064;-51.41271861;M;Savanna;SV;9.640585867;2.265981881;25.82299995;12.83333397;68.86312866;116.7054977;34.15200043;15.51599979;18.63600159;26.34133339;24.18799973;26.8706665;24.12999916;1541;286;2;84.49493408;785;15;400;31;0.713;73;78.85220337;17
80;Sapajus_cay;Sapajus_cay_13;-13.54848064;-51.41271861;M;Savanna;SV;9.428286265;2.243714348;25.82299995;12.83333397;68.86312866;116.7054977;34.15200043;15.51599979;18.63600159;26.34133339;24.18799973;26.8706665;24.12999916;1541;286;2;84.49493408;785;15;400;31;0.713;73;78.85220337;17
81;Sapajus_cay;Sapajus_cay_14;-13.5790702;-52.42609579;M;Savanna;SV;8.596070528;2.151305183;24.69083405;14.10633373;69.62651825;117.14785;33.72000122;13.46000004;20.26000214;25.18400002;23.05200005;25.70266724;22.97800064;1531;275;1;85.20724487;790;13;362;33;0.694000006;74;85.25479889;17
82;Sapajus_cay;Sapajus_cay_15;-12.141167;-53.43570795;M;Savanna;SV;8.547381404;2.145624967;24.95050049;14.38099957;68.23400879;91.06442261;34.86000061;13.7840004;21.07600021;25.27000046;23.71133423;25.61600113;23.62000084;1757;305;1;82.8169632;888;16;682;42;0.727999985;77;89.48549652;17
84;Sapajus_apella;Sapajus_apella_6;-2.597745966;-43.45908946;M;Forest;AM;9.038308621;2.201472057;27.18766594;9.197333336;81.27724457;48.79886246;33.10400009;21.78800011;11.31599998;26.77466583;27.84399986;27.8579998;26.75;1842;379;8;91.79764557;1031;28;80;1028;0.522000015;78;69.04119873;15
86;Sapajus_libidinosus;Sapajus_libidinosus_8;-2.477655896;-43.30527208;M;Savanna;SV;9.498940547;2.251180271;27.3496666;8.987333298;81.88168335;45.75656891;33.12400055;22.14800072;10.97599983;26.91333389;27.94466782;27.97599983;26.91333389;1731;365;6;94.73842621;989;21;68;989;0.522000015;78;70.3047;25
88;Sapajus_libidinosus;Sapajus_libidinosus_9;-14.29499253;-50.96342133;M;Savanna;SV;8.033746275;2.083650954;25.60750008;12.20166683;67.56182861;121.2664032;33.5;15.43999958;18.06000137;26.11266708;23.91266632;26.69466591;23.85466766;1542;281;4;84.74241638;764;16;424;36;0.60799998;71;77.1312027;25
90;Sapajus_libidinosus;Sapajus_libidinosus_10;-18.1219654;-51.55654416;M;Savanna;SV;9.784823529;2.280832566;22.5478344;12.06633377;69.74759674;146.2909393;29.7159996;12.41600037;17.29999924;23.52933311;20.64599991;23.69533348;20.3453331;1602;290;17;73.94245148;775;61;638;86;0.433999985;71;97.05950165;25
91;Sapajus_libidinosus;Sapajus_libidinosus_11;-18.1219654;-51.55654416;M;Savanna;SV;8.833348067;2.178534112;22.5478344;12.06633377;69.74759674;146.2909393;29.7159996;12.41600037;17.29999924;23.52933311;20.64599991;23.69533348;20.3453331;1602;290;17;73.94245148;775;61;638;86;0.433999985;71;97.05950165;25
93;Sapajus_apella;Sapajus_apella_7;-3.801150157;-52.53308377;M;Forest;AM;9.907727945;2.293315053;25.17499924;9.733333588;79.75526428;48.81466675;31.51600075;19.31200027;12.20400047;24.75200081;25.76600075;25.89266777;24.69199944;1944;360;31;71.6677475;942;125;162;900;0.81099999;85;92.40950012;15
94;Sapajus_apella;Sapajus_apella_8;-1.323968462;-51.4369875;M;Forest;AM;9.121005985;2.210580103;26.29333305;9.165332794;83.01934052;49.96668625;32.31599808;21.27600098;11.0399971;25.98266602;26.88533211;26.93599892;25.69333267;2353;334;51;53.52019882;964;207;225;846;0.80400002;84;107.5274963;15
96;Sapajus_apella;Sapajus_apella_9;-3.828342478;-55.49386438;M;Forest;AM;10.17912756;2.320339306;26.47316742;9.031666756;77.4585495;59.23439407;32.5359993;20.87599945;11.65999985;25.93533325;26.70999908;27.30200005;25.91133308;1943;306;50;55.88004684;833;192;244;797;0.819999993;86;88.81529999;15
97;Sapajus_apella;Sapajus_apella_10;-3.138513992;-58.15840454;M;Forest;AM;8.801641994;2.174938294;27.07600021;8.512666702;78.50117493;59.46232224;32.79199982;21.94799995;10.84399986;26.49799919;27.79933357;27.94400024;26.49799919;2124;315;72;49.9899559;865;237;268;865;0.851999998;83;95.22879791;15
99;Sapajus_apella;Sapajus_apella_11;-2.18919133;-54.91178962;M;Forest;AM;9.525156394;2.25393634;26.52600098;7.971333504;77.93639374;64.74720764;32.0359993;21.80800056;10.22799873;25.97266769;27.27000046;27.36533356;25.97266769;1767;321;25;72.17172241;868;103;144;868;0.824000001;83;82.6147995;15
102;Sapajus_apella;Sapajus_apella_12;-2.652293397;-55.72410329;M;Forest;AM;9.862556769;2.288745442;26.64299965;8.684000015;77.75788116;62.59736252;32.63199997;21.4640007;11.16799927;26.09933281;27.35199928;27.51399994;26.08133316;1985;320;36;62.33409882;898;144;196;844;0.796999991;85;89.72129822;15
103;Sapajus_apella;Sapajus_apella_13;-2.813440848;-55.19236423;M;Forest;AM;9.045808369;2.202301487;26.50283241;8.322333336;77.05863953;63.24353027;32.20800018;21.40799904;10.80000114;25.97533417;27.23799896;27.28933334;25.97533226;1812;305;32;65.48674011;840;128;171;401;0.796999991;86;93.72750092;15
104;Sapajus_apella;Sapajus_apella_14;-2.629249831;-55.15298626;M;Forest;AM;9.143973505;2.213095029;26.5605011;7.98766613;77.79184723;63.34131622;32.00799942;21.73999977;10.26799965;26.0233345;27.32466698;27.32666779;26.0233345;1804;309;31;67.28200531;850;120;162;850;0.796999991;86;93.72750092;15
106;Sapajus_nigritus;Sapajus_nigritus_7;-26.13061958;-48.74574051;M;Forest;AF;10.09219804;2.311762654;20.72745132;7.514705658;47.63236618;291.6759033;28.51764679;12.74117661;15.77647018;24.47352982;17.33823395;24.47352982;17.33823395;1823;269;82;39.61027145;730;266;730;266;1;80;140.127;19
